_id,desc,title
62a4c4bf8f1baabb80f6f8ca,Sản phẩm: quần short kaki nam,Quần Short nam vải Kaki
62a4c5378f1baabb80f6f8cd,Quần Short ngố Kaki,Quần Short ngố Kaki
62a4c57e8f1baabb80f6f8cf,Quần Short nam Basic,Quần Short nam Basic
62a4c5d58f1baabb80f6f8d1,Áo thun nam có cổ,Áo thun nam có cổ
62a4c6018f1baabb80f6f8d3,Áo thun nam có cổ,Áo thun polo nam ROWAY
62a4c6248f1baabb80f6f8d5,Áo thun nam có cổ,Áo thun polo nam nữ
62a4c6d28f1baabb80f6f8ea,Áo thun nam có cổ,Áo thun polo nam gấu con tay lỡ
62a4c72d8f1baabb80f6f8ec,Áo thun nam có cổ,Áo Blaze nam Tay lỡ
62a4c7558f1baabb80f6f8ee,Áo thun nam có cổ,Áo Blaze From Rộng
62a4c77c8f1baabb80f6f8f0,Áo thun nam có cổ,Áo Cardigan Nam Áo Khoác
62a4c7ad8f1baabb80f6f8f2,Áo thun nam có cổ,Áo Chống Nắng nam nữ dày dặn
62a4c7f58f1baabb80f6f8f4,Áo thun nam có cổ,Quần jogger ống rộng
62a4c8128f1baabb80f6f8f6,Áo thun nam có cổ,Quần thể thao nỉ 3 sọc
62a4c85c8f1baabb80f6f8f8,Áo thun nam có cổ,Chân váy xếp ly Tennis
62a4c8818f1baabb80f6f8fa,Áo thun nam có cổ,Quần kaki nữ lưng cao
62a4c8a08f1baabb80f6f8fc,Áo thun nam có cổ,Quần sort nữ
62a4c8d78f1baabb80f6f8fe,Áo thun nam có cổ,Chân váy da
62a4c9258f1baabb80f6f903,Áo thun nam có cổ,Chân váy xếp ly ngắn rút dây
62a4c96f8f1baabb80f6f905,Áo thun nam có cổ,Áo Croptop ba lỗ chất len
62a4c9938f1baabb80f6f907,Áo thun nam có cổ,Áo balo nữ basic
62a4c9b98f1baabb80f6f909,Áo thun nam có cổ,Áo croptop ba lỗ thun tăm
63687d19dd71ced62bd75173,Áo thun nam có cổ,Áo croptop ba lỗ thun tăm